variant_id,hg38_pos,hap1_base,hap2_base,astrocyte_max_quantile,astrocyte_max_raw,npc_max_quantile,h9_max_quantile,monocyte_max_quantile,astro_hap1_reads,astro_hap2_reads,priority_score,in_gene_body
chr4_89836694_C_T,89836694,C,T,0.9994945,0.05646038,0.9953788,0.89638954,0.9991982,0,1,0.6999,True
chr4_89848271_A_G,89848271,A,G,0.998203,0.094944954,0.9994059,0.99843514,0.8940993,0,1,0.7,True
chr4_89838736_A_G,89838736,A,G,0.9981182,0.042746544,0.99967384,0.99947065,0.9989667,0,1,0.7,True
chr4_89836158_A_G,89836158,A,G,0.9956871,0.14495754,0.9993333,0.9994456,0.99057394,0,1,0.6999,True
chr4_89858367_G_C,89858367,G,C,0.9949331,0.23462152,0.9820924,0.99694693,0.9989667,0,1,0.6998,True
chr4_89917492_C_T,89917492,C,T,0.9872979,0.07662201,0.92880905,0.9785014,0.6929783,0,0,0.6979,True
chr4_89958255_A_G,89958255,A,G,0.9840279,0.2542777,0.9555388,0.98167825,0.94555736,0,0,0.699,True
chr4_89837896_G_T,89837896,G,T,0.9836582,0.15449,0.9912015,0.9972157,0.99798346,0,1,0.6998,True
chr4_89967765_G_A,89967765,A,G,0.97946095,0.058704376,0.96833974,0.93488073,0.9764474,0,0,0.6974,True
chr4_89960725_G_C,89960725,C,G,0.9774975,0.020267248,0.93191016,0.9565308,0.9710905,0,0,0.6989,True
